"",Ernestine,"",Nolan,"","",585,802,4642,6860,Jones,leonard.leuschke@christiansenreynolds.info
"",Caleb,G.,Daugherty,III,"",992,154,8458,22665,Dickens,beulah_welch@schamberger.biz
"",Anabelle,"",Padberg,"","",237,717,1165,7313,Moore,haan@reichel.info
"",Kristin,"",Eichmann,"","",164,035,4068,"",Smith,jolie.von@kunze.net
"",Rae,X.,Roob,MD,"",626,343,4393,0461,Auer,cale@franeckivandervort.com
"",Enid,"",Strosin,"","",651,707,4825,2343,Kihn,bennett_lindgren@gerhold.org
"",Ola,"",Christiansen,"","",484,084,1125,68850,Wilderman,lucius.turcotte@turcottevon.com
Mrs.,Lola,Brady,Batz-Zboncak,II,"",453,638,8280,"",Anderson,ryann@schusterkulas.net
"",Lelah,N.,Lind,DDS,1,509,395,5812,"",Leuschke,amir.moore@kohler.info
Dr.,Toni,T.,Ryan,"",1,348,137,6630,"",Swaniawski,ronny_greenfelder@fay.info
"",Ethan,O.,Welch,"","",826,795,0823,"",VonRueden,granville@mcdermottkuhlman.name
Mr.,"","",Block,"","",215,410,0760,"",Kub,jacklyn@mckenzie.com
"",Hoyt,"",Schmitt,"","",406,719,5093,"",Fadel,terrance_kirlin@douglascruickshank.net
Dr.,"","",Gerhold,"","",186,636,1892,"",Bosco,kaleb@white.org
"",Dion,"",Cole,"",1,724,378,9576,656,Carroll,gerson_rau@pollichgrimes.org
"",Dejon,K.,Schiller,"",1,837,173,7817,666,Beier,ludie_macejkovic@ernserhilll.com
"",Erica,"",Thompson,"","",745,033,6227,83534,Toy,oscar@green.info
Ms.,"","",Abbott,"","",417,770,3192,"",Bogisich,micah@oconner.biz
"",Darrion,"",Bode,"","",921,297,0132,48232,Ortiz,anya@streich.biz
"",Sienna,J.,Ferry,"","",169,485,5698,128,Lubowitz,sophia@upton.com
"","","",dsad,"","",122,123,2324,"",fdsfdsdf,not found
"","","",dadsadsa,"","",123,212,2334,"",sddsa,not found
"","","",dadsadsa,"","",123,212,2334,"",sddsa,not found
